file_name,donnor,label
img365_S1_BF026_DFI_0890.jpg,1,0.089
img477_S1_BF035_DFI_0840.jpg,1,0.084
img958_S6_BF022_DFI_0854.jpg,6,0.0854
img524_S2_BF040_DFI_0812.jpg,2,0.0812
img791_S4_BF057_DFI_0983.jpg,4,0.0983
img010_S1_BF000_DFI_0827.jpg,1,0.0827
img681_S3_BF007_DFI_1007.jpg,3,0.1007
img577_S2_BF045_DFI_0609.jpg,2,0.0609
img034_S1_BF002_DFI_1077.jpg,1,0.1077
img476_S1_BF035_DFI_0791.jpg,1,0.0791
img150_S1_BF007_DFI_0907.jpg,1,0.0907
img626_S2_BF053_DFI_1160.jpg,2,0.116
img635_S2_BF054_DFI_0908.jpg,2,0.0908
img486_S1_BF036_DFI_0920.jpg,1,0.092
img484_S1_BF036_DFI_0847.jpg,1,0.0847
img999_S6_BF036_DFI_1002.jpg,6,0.1002
img068_S1_BF003_DFI_0783.jpg,1,0.0783
img382_S1_BF028_DFI_0798.jpg,1,0.0798
img794_S4_BF061_DFI_0793.jpg,4,0.0793
img551_S2_BF042_DFI_1076.jpg,2,0.1076
img373_S1_BF027_DFI_0883.jpg,1,0.0883
img879_S5_BF141_DFI_1250.jpg,5,0.125
img275_S1_BF018_DFI_0830.jpg,1,0.083
img178_S1_BF009_DFI_0921.jpg,1,0.0921
img392_S1_BF030_DFI_0821.jpg,1,0.0821
img638_S2_BF054_DFI_0876.jpg,2,0.0876
img185_S1_BF009_DFI_1103.jpg,1,0.1103
img102_S1_BF004_DFI_0821.jpg,1,0.0821
img366_S1_BF026_DFI_0949.jpg,1,0.0949
img685_S3_BF009_DFI_1236.jpg,3,0.1236
img149_S1_BF007_DFI_1037.jpg,1,0.1037
img748_S3_BF031_DFI_0757.jpg,3,0.0757
img782_S4_BF050_DFI_1060.jpg,4,0.106
img043_S1_BF002_DFI_0760.jpg,1,0.076
img874_S5_BF140_DFI_0962.jpg,5,0.0962
img416_S1_BF031_DFI_0850.jpg,1,0.085
img805_S4_BF075_DFI_0935.jpg,4,0.0935
img793_S4_BF060_DFI_0770.jpg,4,0.077
img747_S3_BF031_DFI_0808.jpg,3,0.0808
img581_S2_BF046_DFI_0809.jpg,2,0.0809
img1034_S6_BF049_DFI_1743.jpg,6,0.1743
img639_S2_BF054_DFI_0759.jpg,2,0.0759
img359_S1_BF025_DFI_0960.jpg,1,0.096
img955_S6_BF019_DFI_1107.jpg,6,0.1107
img952_S6_BF018_DFI_1287.jpg,6,0.1287
img998_S6_BF036_DFI_1081.jpg,6,0.1081
img378_S1_BF028_DFI_0878.jpg,1,0.0878
img1007_S6_BF040_DFI_0868.jpg,6,0.0868
img755_S3_BF034_DFI_1006.jpg,3,0.1006
img310_S1_BF021_DFI_0870.jpg,1,0.087
img067_S1_BF003_DFI_0764.jpg,1,0.0764
img357_S1_BF025_DFI_0938.jpg,1,0.0938
img407_S1_BF031_DFI_2456.jpg,1,0.2456
img911_S5_BF148_DFI_2299.jpg,5,0.2299
img439_S1_BF033_DFI_0950.jpg,1,0.095
img461_S1_BF034_DFI_0846.jpg,1,0.0846
img1053_S6_BF053_DFI_0890.jpg,6,0.089
img903_S5_BF147_DFI_1217.jpg,5,0.1217
img007_S1_BF000_DFI_0873.jpg,1,0.0873
img492_S1_BF036_DFI_0926.jpg,1,0.0926
img963_S6_BF023_DFI_0972.jpg,6,0.0972
img698_S3_BF012_DFI_0923.jpg,3,0.0923
img077_S1_BF003_DFI_0850.jpg,1,0.085
img825_S4_BF105_DFI_0980.jpg,4,0.098
img860_S5_BF137_DFI_1854.jpg,5,0.1854
img750_S3_BF031_DFI_1148.jpg,3,0.1148
img917_S5_BF151_DFI_1184.jpg,5,0.1184
img1001_S6_BF038_DFI_3239.jpg,6,0.3239
img1000_S6_BF036_DFI_0905.jpg,6,0.0905
img526_S2_BF040_DFI_0948.jpg,2,0.0948
img851_S4_BF133_DFI_0856.jpg,4,0.0856
img205_S1_BF010_DFI_0709.jpg,1,0.0709
img622_S2_BF052_DFI_0839.jpg,2,0.0839
img224_S1_BF012_DFI_0848.jpg,1,0.0848
img394_S1_BF030_DFI_0845.jpg,1,0.0845
img965_S6_BF024_DFI_2084.jpg,6,0.2084
img320_S1_BF022_DFI_0857.jpg,1,0.0857
img590_S2_BF046_DFI_0805.jpg,2,0.0805
img336_S1_BF023_DFI_1031.jpg,1,0.1031
img109_S1_BF005_DFI_1161.jpg,1,0.1161
img467_S1_BF035_DFI_1051.jpg,1,0.1051
img172_S1_BF009_DFI_0891.jpg,1,0.0891
img331_S1_BF023_DFI_0889.jpg,1,0.0889
img022_S1_BF001_DFI_0941.jpg,1,0.0941
img773_S4_BF042_DFI_1485.jpg,4,0.1485
img002_S1_BF000_DFI_0893.jpg,1,0.0893
img363_S1_BF026_DFI_0823.jpg,1,0.0823
img900_S5_BF146_DFI_1254.jpg,5,0.1254
img751_S3_BF032_DFI_1301.jpg,3,0.1301
img245_S1_BF015_DFI_0851.jpg,1,0.0851
img742_S3_BF030_DFI_0838.jpg,3,0.0838
img042_S1_BF002_DFI_0871.jpg,1,0.0871
img514_S2_BF038_DFI_0717.jpg,2,0.0717
img258_S1_BF016_DFI_0820.jpg,1,0.082
img1055_S6_BF055_DFI_0945.jpg,6,0.0945
img976_S6_BF030_DFI_0924.jpg,6,0.0924
img151_S1_BF007_DFI_0945.jpg,1,0.0945
img927_S5_BF156_DFI_1342.jpg,5,0.1342
img215_S1_BF011_DFI_0757.jpg,1,0.0757
img428_S1_BF032_DFI_0998.jpg,1,0.0998
img885_S5_BF143_DFI_1048.jpg,5,0.1048
img176_S1_BF009_DFI_0761.jpg,1,0.0761
img873_S5_BF139_DFI_1414.jpg,5,0.1414
img305_S1_BF021_DFI_0969.jpg,1,0.0969
img924_S5_BF155_DFI_1331.jpg,5,0.1331
img273_S1_BF018_DFI_0909.jpg,1,0.0909
img012_S1_BF000_DFI_0822.jpg,1,0.0822
img422_S1_BF032_DFI_0976.jpg,1,0.0976
img703_S3_BF016_DFI_1601.jpg,3,0.1601
img584_S2_BF046_DFI_0787.jpg,2,0.0787
img434_S1_BF032_DFI_0816.jpg,1,0.0816
img458_S1_BF034_DFI_0802.jpg,1,0.0802
img694_S3_BF011_DFI_0977.jpg,3,0.0977
img356_S1_BF025_DFI_0826.jpg,1,0.0826
img033_S1_BF002_DFI_0952.jpg,1,0.0952
img813_S4_BF087_DFI_0979.jpg,4,0.0979
img462_S1_BF034_DFI_0778.jpg,1,0.0778
img339_S1_BF023_DFI_1203.jpg,1,0.1203
img1020_S6_BF046_DFI_0814.jpg,6,0.0814
img264_S1_BF017_DFI_0934.jpg,1,0.0934
img641_S2_BF055_DFI_0985.jpg,2,0.0985
img607_S2_BF049_DFI_0746.jpg,2,0.0746
img129_S1_BF006_DFI_0943.jpg,1,0.0943
img870_S5_BF139_DFI_0943.jpg,5,0.0943
img654_S2_BF056_DFI_0868.jpg,2,0.0868
img481_S1_BF036_DFI_0864.jpg,1,0.0864
img525_S2_BF040_DFI_0851.jpg,2,0.0851
img018_S1_BF001_DFI_0969.jpg,1,0.0969
img335_S1_BF023_DFI_1062.jpg,1,0.1062
img065_S1_BF003_DFI_0947.jpg,1,0.0947
img768_S4_BF037_DFI_1718.jpg,4,0.1718
img015_S1_BF000_DFI_1105.jpg,1,0.1105
img252_S1_BF016_DFI_0979.jpg,1,0.0979
img300_S1_BF020_DFI_0807.jpg,1,0.0807
img227_S1_BF014_DFI_0968.jpg,1,0.0968
img728_S3_BF024_DFI_1162.jpg,3,0.1162
img538_S2_BF041_DFI_0813.jpg,2,0.0813
img866_S5_BF138_DFI_1051.jpg,5,0.1051
img277_S1_BF018_DFI_0809.jpg,1,0.0809
img1033_S6_BF049_DFI_0929.jpg,6,0.0929
img133_S1_BF006_DFI_0883.jpg,1,0.0883
img175_S1_BF009_DFI_1028.jpg,1,0.1028
img147_S1_BF007_DFI_0978.jpg,1,0.0978
img1008_S6_BF040_DFI_1239.jpg,6,0.1239
img219_S1_BF012_DFI_0926.jpg,1,0.0926
img203_S1_BF010_DFI_1088.jpg,1,0.1088
img419_S1_BF031_DFI_0889.jpg,1,0.0889
img1059_S6_BF057_DFI_1005.jpg,6,0.1005
img498_S1_BF037_DFI_0895.jpg,1,0.0895
img1036_S6_BF049_DFI_1019.jpg,6,0.1019
img1005_S6_BF040_DFI_0868.jpg,6,0.0868
img827_S4_BF113_DFI_0745.jpg,4,0.0745
img053_S1_BF003_DFI_2844.jpg,1,0.2844
img840_S4_BF124_DFI_1144.jpg,4,0.1144
img602_S2_BF048_DFI_0837.jpg,2,0.0837
img191_S1_BF010_DFI_0902.jpg,1,0.0902
img929_S5_BF156_DFI_1525.jpg,5,0.1525
img546_S2_BF042_DFI_0893.jpg,2,0.0893
img454_S1_BF034_DFI_0859.jpg,1,0.0859
img152_S1_BF007_DFI_0899.jpg,1,0.0899
img155_S1_BF007_DFI_0868.jpg,1,0.0868
img997_S6_BF036_DFI_1510.jpg,6,0.151
img443_S1_BF033_DFI_0993.jpg,1,0.0993
img550_S2_BF042_DFI_0878.jpg,2,0.0878
img1047_S6_BF051_DFI_1565.jpg,6,0.1565
img953_S6_BF018_DFI_0915.jpg,6,0.0915
img349_S1_BF025_DFI_0928.jpg,1,0.0928
img759_S3_BF034_DFI_1314.jpg,3,0.1314
img124_S1_BF006_DFI_0965.jpg,1,0.0965
img946_S6_BF015_DFI_1196.jpg,6,0.1196
img541_S2_BF041_DFI_0739.jpg,2,0.0739
img056_S1_BF003_DFI_0727.jpg,1,0.0727
img696_S3_BF012_DFI_1096.jpg,3,0.1096
img460_S1_BF034_DFI_0800.jpg,1,0.08
img009_S1_BF000_DFI_0743.jpg,1,0.0743
img1038_S6_BF049_DFI_0798.jpg,6,0.0798
img974_S6_BF029_DFI_0990.jpg,6,0.099
img786_S4_BF053_DFI_1796.jpg,4,0.1796
img166_S1_BF008_DFI_0881.jpg,1,0.0881
img267_S1_BF017_DFI_0963.jpg,1,0.0963
img552_S2_BF042_DFI_1143.jpg,2,0.1143
img497_S1_BF037_DFI_0899.jpg,1,0.0899
img1024_S6_BF046_DFI_0859.jpg,6,0.0859
img344_S1_BF024_DFI_0844.jpg,1,0.0844
img1046_S6_BF051_DFI_0983.jpg,6,0.0983
img888_S5_BF143_DFI_1085.jpg,5,0.1085
img1023_S6_BF046_DFI_0880.jpg,6,0.088
img157_S1_BF007_DFI_1027.jpg,1,0.1027
img662_S3_BF001_DFI_1047.jpg,3,0.1047
img248_S1_BF015_DFI_0863.jpg,1,0.0863
img705_S3_BF017_DFI_0988.jpg,3,0.0988
img760_S3_BF035_DFI_1369.jpg,3,0.1369
img507_S2_BF038_DFI_0915.jpg,2,0.0915
img956_S6_BF022_DFI_1240.jpg,6,0.124
img270_S1_BF017_DFI_0895.jpg,1,0.0895
img506_S1_BF037_DFI_2068.jpg,1,0.2068
img730_S3_BF026_DFI_1332.jpg,3,0.1332
img989_S6_BF033_DFI_0950.jpg,6,0.095
img238_S1_BF014_DFI_0898.jpg,1,0.0898
img048_S1_BF003_DFI_1215.jpg,1,0.1215
img225_S1_BF013_DFI_0836.jpg,1,0.0836
img727_S3_BF024_DFI_1546.jpg,3,0.1546
img254_S1_BF016_DFI_0884.jpg,1,0.0884
img120_S1_BF006_DFI_0872.jpg,1,0.0872
img148_S1_BF007_DFI_0812.jpg,1,0.0812
img263_S1_BF017_DFI_1014.jpg,1,0.1014
img046_S1_BF002_DFI_0787.jpg,1,0.0787
img328_S1_BF023_DFI_1034.jpg,1,0.1034
img770_S4_BF039_DFI_1270.jpg,4,0.127
img797_S4_BF069_DFI_0790.jpg,4,0.079
img355_S1_BF025_DFI_0907.jpg,1,0.0907
img358_S1_BF025_DFI_0925.jpg,1,0.0925
img754_S3_BF033_DFI_1080.jpg,3,0.108
img1049_S6_BF052_DFI_0990.jpg,6,0.099
img417_S1_BF031_DFI_0815.jpg,1,0.0815
img798_S4_BF070_DFI_0688.jpg,4,0.0688
img887_S5_BF143_DFI_0960.jpg,5,0.096
img408_S1_BF031_DFI_1036.jpg,1,0.1036
img456_S1_BF034_DFI_0861.jpg,1,0.0861
img169_S1_BF009_DFI_0889.jpg,1,0.0889
img430_S1_BF032_DFI_0865.jpg,1,0.0865
img491_S1_BF036_DFI_0838.jpg,1,0.0838
img387_S1_BF030_DFI_0916.jpg,1,0.0916
img457_S1_BF034_DFI_0798.jpg,1,0.0798
img726_S3_BF024_DFI_1049.jpg,3,0.1049
img674_S3_BF006_DFI_1119.jpg,3,0.1119
img280_S1_BF018_DFI_0929.jpg,1,0.0929
img636_S2_BF054_DFI_0803.jpg,2,0.0803
img673_S3_BF006_DFI_1117.jpg,3,0.1117
img930_S6_BF000_DFI_1319.jpg,6,0.1319
img664_S3_BF003_DFI_1011.jpg,3,0.1011
img906_S5_BF147_DFI_1743.jpg,5,0.1743
img487_S1_BF036_DFI_0795.jpg,1,0.0795
img932_S6_BF000_DFI_1257.jpg,6,0.1257
img168_S1_BF008_DFI_1050.jpg,1,0.105
img085_S1_BF004_DFI_1244.jpg,1,0.1244
img000_S1_BF000_DFI_1179.jpg,1,0.1179
img1019_S6_BF046_DFI_0921.jpg,6,0.0921
img833_S4_BF118_DFI_0867.jpg,4,0.0867
img549_S2_BF042_DFI_1016.jpg,2,0.1016
img221_S1_BF012_DFI_0885.jpg,1,0.0885
img909_S5_BF148_DFI_1487.jpg,5,0.1487
img445_S1_BF033_DFI_1020.jpg,1,0.102
img251_S1_BF016_DFI_1004.jpg,1,0.1004
img511_S2_BF038_DFI_0862.jpg,2,0.0862
img1045_S6_BF051_DFI_0905.jpg,6,0.0905
img409_S1_BF031_DFI_0963.jpg,1,0.0963
img548_S2_BF042_DFI_1137.jpg,2,0.1137
img542_S2_BF041_DFI_0769.jpg,2,0.0769
img683_S3_BF008_DFI_1508.jpg,3,0.1508
img170_S1_BF009_DFI_0885.jpg,1,0.0885
img1013_S6_BF042_DFI_1010.jpg,6,0.101
img807_S4_BF078_DFI_1086.jpg,4,0.1086
img057_S1_BF003_DFI_0770.jpg,1,0.077
img256_S1_BF016_DFI_0937.jpg,1,0.0937
img697_S3_BF012_DFI_0877.jpg,3,0.0877
img859_S5_BF137_DFI_1553.jpg,5,0.1553
img088_S1_BF004_DFI_0781.jpg,1,0.0781
img569_S2_BF044_DFI_0782.jpg,2,0.0782
img621_S2_BF052_DFI_1019.jpg,2,0.1019
img830_S4_BF114_DFI_1418.jpg,4,0.1418
img984_S6_BF033_DFI_0971.jpg,6,0.0971
img159_S1_BF008_DFI_0901.jpg,1,0.0901
img604_S2_BF049_DFI_0855.jpg,2,0.0855
img800_S4_BF073_DFI_0876.jpg,4,0.0876
img262_S1_BF017_DFI_0955.jpg,1,0.0955
img493_S1_BF036_DFI_0816.jpg,1,0.0816
img775_S4_BF044_DFI_0943.jpg,4,0.0943
img372_S1_BF027_DFI_0916.jpg,1,0.0916
img848_S4_BF130_DFI_1087.jpg,4,0.1087
img194_S1_BF010_DFI_0832.jpg,1,0.0832
img229_S1_BF014_DFI_0789.jpg,1,0.0789
img084_S1_BF004_DFI_0395.jpg,1,0.0395
img1017_S6_BF044_DFI_1831.jpg,6,0.1831
img858_S5_BF137_DFI_1171.jpg,5,0.1171
img890_S5_BF144_DFI_1091.jpg,5,0.1091
img093_S1_BF004_DFI_0897.jpg,1,0.0897
img480_S1_BF036_DFI_0893.jpg,1,0.0893
img981_S6_BF032_DFI_2855.jpg,6,0.2855
img464_S1_BF034_DFI_0795.jpg,1,0.0795
img788_S4_BF055_DFI_1008.jpg,4,0.1008
img1044_S6_BF050_DFI_1555.jpg,6,0.1555
img160_S1_BF008_DFI_0882.jpg,1,0.0882
img361_S1_BF026_DFI_0878.jpg,1,0.0878
img139_S1_BF006_DFI_1087.jpg,1,0.1087
img105_S1_BF004_DFI_0737.jpg,1,0.0737
img633_S2_BF053_DFI_0893.jpg,2,0.0893
img035_S1_BF002_DFI_0954.jpg,1,0.0954
img143_S1_BF007_DFI_0992.jpg,1,0.0992
img601_S2_BF048_DFI_0814.jpg,2,0.0814
img945_S6_BF013_DFI_0938.jpg,6,0.0938
img1039_S6_BF049_DFI_0794.jpg,6,0.0794
img883_S5_BF142_DFI_0975.jpg,5,0.0975
img1029_S6_BF047_DFI_0950.jpg,6,0.095
img208_S1_BF011_DFI_0772.jpg,1,0.0772
img158_S1_BF008_DFI_0927.jpg,1,0.0927
img098_S1_BF004_DFI_0839.jpg,1,0.0839
img097_S1_BF004_DFI_0798.jpg,1,0.0798
img971_S6_BF028_DFI_0904.jpg,6,0.0904
img723_S3_BF024_DFI_1344.jpg,3,0.1344
img693_S3_BF011_DFI_1435.jpg,3,0.1435
img841_S4_BF124_DFI_1376.jpg,4,0.1376
img972_S6_BF028_DFI_0995.jpg,6,0.0995
img632_S2_BF053_DFI_0811.jpg,2,0.0811
img433_S1_BF032_DFI_0845.jpg,1,0.0845
img1043_S6_BF050_DFI_1639.jpg,6,0.1639
img589_S2_BF046_DFI_2111.jpg,2,0.2111
img682_S3_BF007_DFI_0936.jpg,3,0.0936
img469_S1_BF035_DFI_0955.jpg,1,0.0955
img692_S3_BF011_DFI_1071.jpg,3,0.1071
img1011_S6_BF041_DFI_0818.jpg,6,0.0818
img217_S1_BF012_DFI_0895.jpg,1,0.0895
img732_S3_BF027_DFI_1009.jpg,3,0.1009
img195_S1_BF010_DFI_0735.jpg,1,0.0735
img637_S2_BF054_DFI_0819.jpg,2,0.0819
img737_S3_BF028_DFI_1097.jpg,3,0.1097
img029_S1_BF001_DFI_1070.jpg,1,0.107
img582_S2_BF046_DFI_0780.jpg,2,0.078
img657_S3_BF000_DFI_1203.jpg,3,0.1203
img008_S1_BF000_DFI_0955.jpg,1,0.0955
img115_S1_BF005_DFI_0811.jpg,1,0.0811
img211_S1_BF011_DFI_0811.jpg,1,0.0811
img297_S1_BF020_DFI_0816.jpg,1,0.0816
img123_S1_BF006_DFI_1026.jpg,1,0.1026
img846_S4_BF128_DFI_1912.jpg,4,0.1912
img606_S2_BF049_DFI_0798.jpg,2,0.0798
img834_S4_BF118_DFI_0984.jpg,4,0.0984
img902_S5_BF146_DFI_1018.jpg,5,0.1018
img1031_S6_BF048_DFI_0949.jpg,6,0.0949
img348_S1_BF025_DFI_0931.jpg,1,0.0931
img122_S1_BF006_DFI_0966.jpg,1,0.0966
img317_S1_BF022_DFI_0963.jpg,1,0.0963
img370_S1_BF027_DFI_0866.jpg,1,0.0866
img096_S1_BF004_DFI_0731.jpg,1,0.0731
img913_S5_BF149_DFI_2398.jpg,5,0.2398
img629_S2_BF053_DFI_0818.jpg,2,0.0818
img505_S1_BF037_DFI_0892.jpg,1,0.0892
img167_S1_BF008_DFI_1005.jpg,1,0.1005
img934_S6_BF002_DFI_2197.jpg,6,0.2197
img347_S1_BF025_DFI_1017.jpg,1,0.1017
img142_S1_BF007_DFI_1012.jpg,1,0.1012
img380_S1_BF028_DFI_0853.jpg,1,0.0853
img474_S1_BF035_DFI_0899.jpg,1,0.0899
img809_S4_BF078_DFI_0830.jpg,4,0.083
img249_S1_BF016_DFI_0859.jpg,1,0.0859
img513_S2_BF038_DFI_0752.jpg,2,0.0752
img418_S1_BF031_DFI_0855.jpg,1,0.0855
img567_S2_BF044_DFI_0806.jpg,2,0.0806
img745_S3_BF030_DFI_0869.jpg,3,0.0869
img907_S5_BF148_DFI_1691.jpg,5,0.1691
img004_S1_BF000_DFI_0908.jpg,1,0.0908
img1012_S6_BF041_DFI_1217.jpg,6,0.1217
img274_S1_BF018_DFI_0795.jpg,1,0.0795
img296_S1_BF020_DFI_0855.jpg,1,0.0855
img853_S4_BF135_DFI_0957.jpg,4,0.0957
img828_S4_BF114_DFI_1183.jpg,4,0.1183
img579_S2_BF045_DFI_0786.jpg,2,0.0786
img440_S1_BF033_DFI_0970.jpg,1,0.097
img806_S4_BF077_DFI_1008.jpg,4,0.1008
img268_S1_BF017_DFI_0841.jpg,1,0.0841
img308_S1_BF021_DFI_0900.jpg,1,0.09
img039_S1_BF002_DFI_0921.jpg,1,0.0921
img446_S1_BF033_DFI_1003.jpg,1,0.1003
img304_S1_BF020_DFI_0958.jpg,1,0.0958
img659_S3_BF001_DFI_1061.jpg,3,0.1061
img714_S3_BF022_DFI_1148.jpg,3,0.1148
img040_S1_BF002_DFI_0747.jpg,1,0.0747
img985_S6_BF033_DFI_0941.jpg,6,0.0941
img427_S1_BF032_DFI_1009.jpg,1,0.1009
img398_S1_BF030_DFI_0844.jpg,1,0.0844
img468_S1_BF035_DFI_0877.jpg,1,0.0877
img134_S1_BF006_DFI_1110.jpg,1,0.111
img444_S1_BF033_DFI_0905.jpg,1,0.0905
img140_S1_BF006_DFI_0912.jpg,1,0.0912
img708_S3_BF018_DFI_0973.jpg,3,0.0973
img471_S1_BF035_DFI_0885.jpg,1,0.0885
img608_S2_BF049_DFI_0847.jpg,2,0.0847
img670_S3_BF006_DFI_1041.jpg,3,0.1041
img565_S2_BF044_DFI_0800.jpg,2,0.08
img634_S2_BF053_DFI_0874.jpg,2,0.0874
img843_S4_BF124_DFI_1159.jpg,4,0.1159
img857_S5_BF137_DFI_1585.jpg,5,0.1585
img044_S1_BF002_DFI_1029.jpg,1,0.1029
img055_S1_BF003_DFI_0882.jpg,1,0.0882
img790_S4_BF057_DFI_1505.jpg,4,0.1505
img483_S1_BF036_DFI_0828.jpg,1,0.0828
img369_S1_BF027_DFI_1037.jpg,1,0.1037
img823_S4_BF105_DFI_1509.jpg,4,0.1509
img145_S1_BF007_DFI_0868.jpg,1,0.0868
img988_S6_BF033_DFI_1089.jpg,6,0.1089
img118_S1_BF005_DFI_1045.jpg,1,0.1045
img103_S1_BF004_DFI_0801.jpg,1,0.0801
img188_S1_BF010_DFI_0968.jpg,1,0.0968
img1010_S6_BF041_DFI_1239.jpg,6,0.1239
img401_S1_BF030_DFI_0866.jpg,1,0.0866
img940_S6_BF008_DFI_1058.jpg,6,0.1058
img399_S1_BF030_DFI_0801.jpg,1,0.0801
img594_S2_BF047_DFI_0757.jpg,2,0.0757
img081_S1_BF003_DFI_0761.jpg,1,0.0761
img910_S5_BF148_DFI_1776.jpg,5,0.1776
img061_S1_BF003_DFI_0773.jpg,1,0.0773
img603_S2_BF049_DFI_0812.jpg,2,0.0812
img089_S1_BF004_DFI_1087.jpg,1,0.1087
img1014_S6_BF042_DFI_0836.jpg,6,0.0836
img916_S5_BF150_DFI_1367.jpg,5,0.1367
img032_S1_BF002_DFI_0960.jpg,1,0.096
img236_S1_BF014_DFI_0875.jpg,1,0.0875
img534_S2_BF040_DFI_0810.jpg,2,0.081
img060_S1_BF003_DFI_0861.jpg,1,0.0861
img242_S1_BF015_DFI_0965.jpg,1,0.0965
img453_S1_BF034_DFI_0834.jpg,1,0.0834
img135_S1_BF006_DFI_0908.jpg,1,0.0908
img536_S2_BF040_DFI_0744.jpg,2,0.0744
img926_S5_BF155_DFI_1635.jpg,5,0.1635
img324_S1_BF022_DFI_0892.jpg,1,0.0892
img627_S2_BF053_DFI_0851.jpg,2,0.0851
img568_S2_BF044_DFI_0832.jpg,2,0.0832
img266_S1_BF017_DFI_0954.jpg,1,0.0954
img832_S4_BF115_DFI_0820.jpg,4,0.082
img854_S4_BF135_DFI_1115.jpg,4,0.1115
img345_S1_BF024_DFI_0907.jpg,1,0.0907
img766_S3_BF036_DFI_0898.jpg,3,0.0898
img876_S5_BF140_DFI_1001.jpg,5,0.1001
img459_S1_BF034_DFI_0763.jpg,1,0.0763
img473_S1_BF035_DFI_0931.jpg,1,0.0931
img495_S1_BF036_DFI_0804.jpg,1,0.0804
img598_S2_BF048_DFI_0947.jpg,2,0.0947
img712_S3_BF020_DFI_1440.jpg,3,0.144
img315_S1_BF022_DFI_0975.jpg,1,0.0975
img808_S4_BF078_DFI_1217.jpg,4,0.1217
img862_S5_BF137_DFI_1162.jpg,5,0.1162
img818_S4_BF092_DFI_0999.jpg,4,0.0999
img023_S1_BF001_DFI_0999.jpg,1,0.0999
img599_S2_BF048_DFI_0899.jpg,2,0.0899
img246_S1_BF015_DFI_0859.jpg,1,0.0859
img241_S1_BF015_DFI_0843.jpg,1,0.0843
img180_S1_BF009_DFI_0852.jpg,1,0.0852
img583_S2_BF046_DFI_1396.jpg,2,0.1396
img966_S6_BF025_DFI_1541.jpg,6,0.1541
img209_S1_BF011_DFI_0872.jpg,1,0.0872
img914_S5_BF149_DFI_2594.jpg,5,0.2594
img816_S4_BF091_DFI_0738.jpg,4,0.0738
img289_S1_BF019_DFI_0892.jpg,1,0.0892
img865_S5_BF138_DFI_1105.jpg,5,0.1105
img804_S4_BF074_DFI_1413.jpg,4,0.1413
img475_S1_BF035_DFI_0837.jpg,1,0.0837
img539_S2_BF041_DFI_0808.jpg,2,0.0808
img892_S5_BF144_DFI_1293.jpg,5,0.1293
img624_S2_BF052_DFI_0805.jpg,2,0.0805
img886_S5_BF143_DFI_1055.jpg,5,0.1055
img666_S3_BF005_DFI_2021.jpg,3,0.2021
img421_S1_BF032_DFI_0981.jpg,1,0.0981
img181_S1_BF009_DFI_0999.jpg,1,0.0999
img733_S3_BF027_DFI_1338.jpg,3,0.1338
img868_S5_BF139_DFI_1875.jpg,5,0.1875
img710_S3_BF019_DFI_0861.jpg,3,0.0861
img233_S1_BF014_DFI_0909.jpg,1,0.0909
img281_S1_BF018_DFI_1395.jpg,1,0.1395
img722_S3_BF024_DFI_1699.jpg,3,0.1699
img527_S2_BF040_DFI_0830.jpg,2,0.083
img676_S3_BF006_DFI_1143.jpg,3,0.1143
img734_S3_BF027_DFI_1097.jpg,3,0.1097
img058_S1_BF003_DFI_1007.jpg,1,0.1007
img920_S5_BF152_DFI_1241.jpg,5,0.1241
img279_S1_BF018_DFI_0821.jpg,1,0.0821
img905_S5_BF147_DFI_1363.jpg,5,0.1363
img852_S4_BF133_DFI_1016.jpg,4,0.1016
img820_S4_BF096_DFI_0823.jpg,4,0.0823
img410_S1_BF031_DFI_0878.jpg,1,0.0878
img342_S1_BF024_DFI_0895.jpg,1,0.0895
img687_S3_BF009_DFI_1280.jpg,3,0.128
img436_S1_BF033_DFI_0906.jpg,1,0.0906
img778_S4_BF047_DFI_0993.jpg,4,0.0993
img292_S1_BF020_DFI_0947.jpg,1,0.0947
img259_S1_BF017_DFI_0787.jpg,1,0.0787
img605_S2_BF049_DFI_0719.jpg,2,0.0719
img376_S1_BF027_DFI_0967.jpg,1,0.0967
img649_S2_BF055_DFI_0909.jpg,2,0.0909
img588_S2_BF046_DFI_1475.jpg,2,0.1475
img059_S1_BF003_DFI_1050.jpg,1,0.105
img132_S1_BF006_DFI_0859.jpg,1,0.0859
img720_S3_BF022_DFI_1089.jpg,3,0.1089
img1041_S6_BF050_DFI_0848.jpg,6,0.0848
img1022_S6_BF046_DFI_3205.jpg,6,0.3205
img226_S1_BF013_DFI_0795.jpg,1,0.0795
img855_S4_BF135_DFI_0881.jpg,4,0.0881
img321_S1_BF022_DFI_0867.jpg,1,0.0867
img537_S2_BF041_DFI_0891.jpg,2,0.0891
img037_S1_BF002_DFI_0956.jpg,1,0.0956
img354_S1_BF025_DFI_0919.jpg,1,0.0919
img763_S3_BF035_DFI_1428.jpg,3,0.1428
img051_S1_BF003_DFI_0946.jpg,1,0.0946
img235_S1_BF014_DFI_2835.jpg,1,0.2835
img164_S1_BF008_DFI_0944.jpg,1,0.0944
img838_S4_BF120_DFI_1892.jpg,4,0.1892
img895_S5_BF145_DFI_0964.jpg,5,0.0964
img1018_S6_BF045_DFI_0881.jpg,6,0.0881
img075_S1_BF003_DFI_0830.jpg,1,0.083
img941_S6_BF010_DFI_1097.jpg,6,0.1097
img609_S2_BF049_DFI_0752.jpg,2,0.0752
img717_S3_BF022_DFI_0968.jpg,3,0.0968
img543_S2_BF041_DFI_0819.jpg,2,0.0819
img1058_S6_BF057_DFI_0845.jpg,6,0.0845
img547_S2_BF042_DFI_0864.jpg,2,0.0864
img312_S1_BF022_DFI_1483.jpg,1,0.1483
img127_S1_BF006_DFI_0942.jpg,1,0.0942
img196_S1_BF010_DFI_1285.jpg,1,0.1285
img954_S6_BF018_DFI_1133.jpg,6,0.1133
img960_S6_BF023_DFI_1053.jpg,6,0.1053
img628_S2_BF053_DFI_0876.jpg,2,0.0876
img063_S1_BF003_DFI_1124.jpg,1,0.1124
img269_S1_BF017_DFI_0783.jpg,1,0.0783
img595_S2_BF047_DFI_0728.jpg,2,0.0728
img715_S3_BF022_DFI_1047.jpg,3,0.1047
img064_S1_BF003_DFI_1102.jpg,1,0.1102
img592_S2_BF047_DFI_0726.jpg,2,0.0726
img669_S3_BF005_DFI_0957.jpg,3,0.0957
img1002_S6_BF038_DFI_0937.jpg,6,0.0937
img1009_S6_BF041_DFI_1030.jpg,6,0.103
img137_S1_BF006_DFI_0851.jpg,1,0.0851
img432_S1_BF032_DFI_0828.jpg,1,0.0828
img947_S6_BF015_DFI_0900.jpg,6,0.09
img374_S1_BF027_DFI_0815.jpg,1,0.0815
img1035_S6_BF049_DFI_1002.jpg,6,0.1002
img776_S4_BF044_DFI_0915.jpg,4,0.0915
img177_S1_BF009_DFI_0793.jpg,1,0.0793
img973_S6_BF029_DFI_1029.jpg,6,0.1029
img066_S1_BF003_DFI_0794.jpg,1,0.0794
img415_S1_BF031_DFI_3955.jpg,1,0.3955
img555_S2_BF043_DFI_0787.jpg,2,0.0787
img502_S1_BF037_DFI_0870.jpg,1,0.087
img658_S3_BF000_DFI_1196.jpg,3,0.1196
img069_S1_BF003_DFI_0835.jpg,1,0.0835
img179_S1_BF009_DFI_0907.jpg,1,0.0907
img740_S3_BF028_DFI_0829.jpg,3,0.0829
img455_S1_BF034_DFI_0900.jpg,1,0.09
img425_S1_BF032_DFI_0858.jpg,1,0.0858
img691_S3_BF010_DFI_1038.jpg,3,0.1038
img570_S2_BF044_DFI_1399.jpg,2,0.1399
img325_S1_BF022_DFI_0943.jpg,1,0.0943
img247_S1_BF015_DFI_0817.jpg,1,0.0817
img826_S4_BF108_DFI_0841.jpg,4,0.0841
img863_S5_BF138_DFI_1193.jpg,5,0.1193
img736_S3_BF027_DFI_0974.jpg,3,0.0974
img214_S1_BF011_DFI_0794.jpg,1,0.0794
img695_S3_BF011_DFI_0989.jpg,3,0.0989
img1061_S6_BF058_DFI_0872.jpg,6,0.0872
img078_S1_BF003_DFI_1043.jpg,1,0.1043
img343_S1_BF024_DFI_1052.jpg,1,0.1052
img1026_S6_BF047_DFI_2789.jpg,6,0.2789
img490_S1_BF036_DFI_0786.jpg,1,0.0786
img961_S6_BF023_DFI_1157.jpg,6,0.1157
img330_S1_BF023_DFI_1017.jpg,1,0.1017
img837_S4_BF120_DFI_3316.jpg,4,0.3316
img138_S1_BF006_DFI_0892.jpg,1,0.0892
img529_S2_BF040_DFI_1173.jpg,2,0.1173
img350_S1_BF025_DFI_0961.jpg,1,0.0961
img684_S3_BF009_DFI_1143.jpg,3,0.1143
img319_S1_BF022_DFI_0892.jpg,1,0.0892
img977_S6_BF031_DFI_1630.jpg,6,0.163
img016_S1_BF001_DFI_0965.jpg,1,0.0965
img100_S1_BF004_DFI_3014.jpg,1,0.3014
img294_S1_BF020_DFI_0910.jpg,1,0.091
img024_S1_BF001_DFI_0797.jpg,1,0.0797
img099_S1_BF004_DFI_0722.jpg,1,0.0722
img675_S3_BF006_DFI_1269.jpg,3,0.1269
img923_S5_BF155_DFI_1425.jpg,5,0.1425
img193_S1_BF010_DFI_0996.jpg,1,0.0996
img580_S2_BF045_DFI_0744.jpg,2,0.0744
img322_S1_BF022_DFI_0839.jpg,1,0.0839
img849_S4_BF130_DFI_1232.jpg,4,0.1232
img326_S1_BF022_DFI_1011.jpg,1,0.1011
img572_S2_BF044_DFI_0724.jpg,2,0.0724
img822_S4_BF105_DFI_0847.jpg,4,0.0847
img114_S1_BF005_DFI_0859.jpg,1,0.0859
img881_S5_BF141_DFI_0966.jpg,5,0.0966
img411_S1_BF031_DFI_0808.jpg,1,0.0808
img494_S1_BF036_DFI_0730.jpg,1,0.073
img163_S1_BF008_DFI_1318.jpg,1,0.1318
img516_S2_BF038_DFI_1506.jpg,2,0.1506
img724_S3_BF024_DFI_0909.jpg,3,0.0909
img643_S2_BF055_DFI_0848.jpg,2,0.0848
img893_S5_BF145_DFI_1231.jpg,5,0.1231
img395_S1_BF030_DFI_0878.jpg,1,0.0878
img298_S1_BF020_DFI_0812.jpg,1,0.0812
img255_S1_BF016_DFI_0881.jpg,1,0.0881
img943_S6_BF012_DFI_0987.jpg,6,0.0987
img1032_S6_BF049_DFI_1000.jpg,6,0.1
img744_S3_BF030_DFI_1056.jpg,3,0.1056
img508_S2_BF038_DFI_0790.jpg,2,0.079
img107_S1_BF004_DFI_0857.jpg,1,0.0857
img011_S1_BF000_DFI_0992.jpg,1,0.0992
img518_S2_BF039_DFI_0848.jpg,2,0.0848
img128_S1_BF006_DFI_0943.jpg,1,0.0943
img479_S1_BF036_DFI_0847.jpg,1,0.0847
img922_S5_BF155_DFI_1698.jpg,5,0.1698
img746_S3_BF031_DFI_1081.jpg,3,0.1081
img230_S1_BF014_DFI_0940.jpg,1,0.094
img375_S1_BF027_DFI_0904.jpg,1,0.0904
img113_S1_BF005_DFI_0923.jpg,1,0.0923
img442_S1_BF033_DFI_0940.jpg,1,0.094
img619_S2_BF051_DFI_0819.jpg,2,0.0819
img996_S6_BF036_DFI_0971.jpg,6,0.0971
img156_S1_BF007_DFI_0880.jpg,1,0.088
img671_S3_BF006_DFI_1195.jpg,3,0.1195
img655_S2_BF056_DFI_0842.jpg,2,0.0842
img019_S1_BF001_DFI_0943.jpg,1,0.0943
img875_S5_BF140_DFI_1117.jpg,5,0.1117
img573_S2_BF045_DFI_0833.jpg,2,0.0833
img894_S5_BF145_DFI_1188.jpg,5,0.1188
img377_S1_BF028_DFI_0835.jpg,1,0.0835
img101_S1_BF004_DFI_0985.jpg,1,0.0985
img448_S1_BF033_DFI_0775.jpg,1,0.0775
img908_S5_BF148_DFI_1497.jpg,5,0.1497
img130_S1_BF006_DFI_1024.jpg,1,0.1024
img013_S1_BF000_DFI_1257.jpg,1,0.1257
img341_S1_BF024_DFI_1042.jpg,1,0.1042
img441_S1_BF033_DFI_0910.jpg,1,0.091
img463_S1_BF034_DFI_0785.jpg,1,0.0785
img1054_S6_BF054_DFI_1068.jpg,6,0.1068
img108_S1_BF004_DFI_1401.jpg,1,0.1401
img688_S3_BF010_DFI_1552.jpg,3,0.1552
img802_S4_BF074_DFI_0983.jpg,4,0.0983
img897_S5_BF145_DFI_1125.jpg,5,0.1125
img749_S3_BF031_DFI_0794.jpg,3,0.0794
img116_S1_BF005_DFI_1015.jpg,1,0.1015
img201_S1_BF010_DFI_0852.jpg,1,0.0852
img402_S1_BF030_DFI_0958.jpg,1,0.0958
img771_S4_BF042_DFI_3200.jpg,4,0.32
img472_S1_BF035_DFI_1041.jpg,1,0.1041
img021_S1_BF001_DFI_1050.jpg,1,0.105
img364_S1_BF026_DFI_0890.jpg,1,0.089
img544_S2_BF042_DFI_0804.jpg,2,0.0804
img711_S3_BF020_DFI_1387.jpg,3,0.1387
img877_S5_BF140_DFI_0965.jpg,5,0.0965
img642_S2_BF055_DFI_0943.jpg,2,0.0943
img600_S2_BF048_DFI_0863.jpg,2,0.0863
img485_S1_BF036_DFI_0853.jpg,1,0.0853
img307_S1_BF021_DFI_0865.jpg,1,0.0865
img094_S1_BF004_DFI_0924.jpg,1,0.0924
img949_S6_BF016_DFI_2218.jpg,6,0.2218
img368_S1_BF026_DFI_0945.jpg,1,0.0945
img901_S5_BF146_DFI_0969.jpg,5,0.0969
img962_S6_BF023_DFI_1852.jpg,6,0.1852
img391_S1_BF030_DFI_0827.jpg,1,0.0827
img284_S1_BF019_DFI_0894.jpg,1,0.0894
img452_S1_BF034_DFI_0887.jpg,1,0.0887
img1015_S6_BF044_DFI_0935.jpg,6,0.0935
img045_S1_BF002_DFI_0814.jpg,1,0.0814
img678_S3_BF007_DFI_0971.jpg,3,0.0971
img764_S3_BF036_DFI_0925.jpg,3,0.0925
img653_S2_BF056_DFI_0824.jpg,2,0.0824
img192_S1_BF010_DFI_0862.jpg,1,0.0862
img915_S5_BF150_DFI_1714.jpg,5,0.1714
img646_S2_BF055_DFI_0842.jpg,2,0.0842
img780_S4_BF047_DFI_1029.jpg,4,0.1029
img496_S1_BF037_DFI_0874.jpg,1,0.0874
img944_S6_BF013_DFI_1067.jpg,6,0.1067
img991_S6_BF034_DFI_1099.jpg,6,0.1099
img429_S1_BF032_DFI_0959.jpg,1,0.0959
img531_S2_BF040_DFI_0753.jpg,2,0.0753
img083_S1_BF004_DFI_1071.jpg,1,0.1071
img470_S1_BF035_DFI_0832.jpg,1,0.0832
img713_S3_BF020_DFI_1197.jpg,3,0.1197
img680_S3_BF007_DFI_1416.jpg,3,0.1416
img921_S5_BF153_DFI_1590.jpg,5,0.159
img936_S6_BF004_DFI_1858.jpg,6,0.1858
img404_S1_BF031_DFI_1010.jpg,1,0.101
img1042_S6_BF050_DFI_0948.jpg,6,0.0948
img738_S3_BF028_DFI_0991.jpg,3,0.0991
img928_S5_BF156_DFI_1330.jpg,5,0.133
img842_S4_BF124_DFI_1061.jpg,4,0.1061
img677_S3_BF007_DFI_1125.jpg,3,0.1125
img558_S2_BF043_DFI_0745.jpg,2,0.0745
img351_S1_BF025_DFI_0926.jpg,1,0.0926
img616_S2_BF051_DFI_0754.jpg,2,0.0754
img338_S1_BF023_DFI_0898.jpg,1,0.0898
img847_S4_BF130_DFI_1126.jpg,4,0.1126
img212_S1_BF011_DFI_3377.jpg,1,0.3377
img414_S1_BF031_DFI_0806.jpg,1,0.0806
img144_S1_BF007_DFI_0993.jpg,1,0.0993
img869_S5_BF139_DFI_1223.jpg,5,0.1223
img1025_S6_BF047_DFI_1808.jpg,6,0.1808
img389_S1_BF030_DFI_0853.jpg,1,0.0853
img371_S1_BF027_DFI_1328.jpg,1,0.1328
img959_S6_BF022_DFI_1408.jpg,6,0.1408
img220_S1_BF012_DFI_0853.jpg,1,0.0853
img872_S5_BF139_DFI_1375.jpg,5,0.1375
img082_S1_BF004_DFI_1154.jpg,1,0.1154
img918_S5_BF151_DFI_1292.jpg,5,0.1292
img076_S1_BF003_DFI_0897.jpg,1,0.0897
img489_S1_BF036_DFI_0772.jpg,1,0.0772
img1048_S6_BF051_DFI_1338.jpg,6,0.1338
img707_S3_BF017_DFI_1224.jpg,3,0.1224
img334_S1_BF023_DFI_0804.jpg,1,0.0804
img222_S1_BF012_DFI_0840.jpg,1,0.084
img386_S1_BF030_DFI_0889.jpg,1,0.0889
img466_S1_BF034_DFI_0986.jpg,1,0.0986
img306_S1_BF021_DFI_0941.jpg,1,0.0941
img835_S4_BF118_DFI_0920.jpg,4,0.092
img801_S4_BF074_DFI_0877.jpg,4,0.0877
img162_S1_BF008_DFI_1028.jpg,1,0.1028
img202_S1_BF010_DFI_0811.jpg,1,0.0811
img286_S1_BF019_DFI_0908.jpg,1,0.0908
img313_S1_BF022_DFI_1032.jpg,1,0.1032
img668_S3_BF005_DFI_0841.jpg,3,0.0841
img265_S1_BF017_DFI_0884.jpg,1,0.0884
img576_S2_BF045_DFI_0803.jpg,2,0.0803
img792_S4_BF060_DFI_1046.jpg,4,0.1046
img812_S4_BF086_DFI_0762.jpg,4,0.0762
img283_S1_BF019_DFI_0849.jpg,1,0.0849
img564_S2_BF044_DFI_0864.jpg,2,0.0864
img667_S3_BF005_DFI_1401.jpg,3,0.1401
img950_S6_BF016_DFI_1094.jpg,6,0.1094
img243_S1_BF015_DFI_0910.jpg,1,0.091
img119_S1_BF005_DFI_1236.jpg,1,0.1236
img796_S4_BF069_DFI_1302.jpg,4,0.1302
img515_S2_BF038_DFI_0843.jpg,2,0.0843
img333_S1_BF023_DFI_1042.jpg,1,0.1042
img311_S1_BF021_DFI_0901.jpg,1,0.0901
img403_S1_BF030_DFI_0855.jpg,1,0.0855
img030_S1_BF001_DFI_0768.jpg,1,0.0768
img091_S1_BF004_DFI_0849.jpg,1,0.0849
img396_S1_BF030_DFI_0838.jpg,1,0.0838
img301_S1_BF020_DFI_0829.jpg,1,0.0829
img1016_S6_BF044_DFI_0779.jpg,6,0.0779
img586_S2_BF046_DFI_0843.jpg,2,0.0843
img198_S1_BF010_DFI_0888.jpg,1,0.0888
img980_S6_BF031_DFI_0787.jpg,6,0.0787
img400_S1_BF030_DFI_0807.jpg,1,0.0807
img721_S3_BF023_DFI_1952.jpg,3,0.1952
img611_S2_BF050_DFI_0774.jpg,2,0.0774
img975_S6_BF030_DFI_0893.jpg,6,0.0893
img499_S1_BF037_DFI_0920.jpg,1,0.092
img878_S5_BF141_DFI_1095.jpg,5,0.1095
img027_S1_BF001_DFI_0891.jpg,1,0.0891
img553_S2_BF043_DFI_0852.jpg,2,0.0852
img789_S4_BF055_DFI_0991.jpg,4,0.0991
img171_S1_BF009_DFI_0846.jpg,1,0.0846
img665_S3_BF004_DFI_1010.jpg,3,0.101
img111_S1_BF005_DFI_0856.jpg,1,0.0856
img1028_S6_BF047_DFI_1340.jpg,6,0.134
img799_S4_BF073_DFI_2257.jpg,4,0.2257
img817_S4_BF092_DFI_1328.jpg,4,0.1328
img260_S1_BF017_DFI_0873.jpg,1,0.0873
img810_S4_BF079_DFI_0941.jpg,4,0.0941
img942_S6_BF011_DFI_1008.jpg,6,0.1008
img519_S2_BF039_DFI_0789.jpg,2,0.0789
img647_S2_BF055_DFI_0794.jpg,2,0.0794
img276_S1_BF018_DFI_0776.jpg,1,0.0776
img271_S1_BF018_DFI_0977.jpg,1,0.0977
img661_S3_BF001_DFI_1135.jpg,3,0.1135
img031_S1_BF001_DFI_1192.jpg,1,0.1192
img571_S2_BF044_DFI_0821.jpg,2,0.0821
img831_S4_BF114_DFI_0857.jpg,4,0.0857
img052_S1_BF003_DFI_0841.jpg,1,0.0841
img731_S3_BF026_DFI_1079.jpg,3,0.1079
img079_S1_BF003_DFI_0899.jpg,1,0.0899
img983_S6_BF032_DFI_0683.jpg,6,0.0683
img836_S4_BF118_DFI_1064.jpg,4,0.1064
img257_S1_BF016_DFI_0841.jpg,1,0.0841
img520_S2_BF039_DFI_0862.jpg,2,0.0862
img183_S1_BF009_DFI_0942.jpg,1,0.0942
img206_S1_BF010_DFI_0906.jpg,1,0.0906
img154_S1_BF007_DFI_1035.jpg,1,0.1035
img017_S1_BF001_DFI_0869.jpg,1,0.0869
img272_S1_BF018_DFI_0886.jpg,1,0.0886
img938_S6_BF007_DFI_1238.jpg,6,0.1238
img1040_S6_BF049_DFI_1772.jpg,6,0.1772
img987_S6_BF033_DFI_0828.jpg,6,0.0828
img314_S1_BF022_DFI_1215.jpg,1,0.1215
img1027_S6_BF047_DFI_0910.jpg,6,0.091
img937_S6_BF004_DFI_0902.jpg,6,0.0902
img125_S1_BF006_DFI_1514.jpg,1,0.1514
img640_S2_BF055_DFI_0836.jpg,2,0.0836
img327_S1_BF022_DFI_0941.jpg,1,0.0941
img070_S1_BF003_DFI_0944.jpg,1,0.0944
img814_S4_BF087_DFI_0926.jpg,4,0.0926
img578_S2_BF045_DFI_1944.jpg,2,0.1944
img772_S4_BF042_DFI_0947.jpg,4,0.0947
img596_S2_BF047_DFI_0767.jpg,2,0.0767
img379_S1_BF028_DFI_3740.jpg,1,0.374
img574_S2_BF045_DFI_0755.jpg,2,0.0755
img337_S1_BF023_DFI_0868.jpg,1,0.0868
img213_S1_BF011_DFI_1090.jpg,1,0.109
img867_S5_BF138_DFI_1054.jpg,5,0.1054
img856_S4_BF135_DFI_1092.jpg,4,0.1092
img020_S1_BF001_DFI_0917.jpg,1,0.0917
img390_S1_BF030_DFI_0900.jpg,1,0.09
img850_S4_BF133_DFI_0893.jpg,4,0.0893
img562_S2_BF044_DFI_0785.jpg,2,0.0785
img651_S2_BF056_DFI_0776.jpg,2,0.0776
img587_S2_BF046_DFI_0791.jpg,2,0.0791
img700_S3_BF013_DFI_0894.jpg,3,0.0894
img672_S3_BF006_DFI_1115.jpg,3,0.1115
img126_S1_BF006_DFI_0922.jpg,1,0.0922
img231_S1_BF014_DFI_0864.jpg,1,0.0864
img352_S1_BF025_DFI_0962.jpg,1,0.0962
img288_S1_BF019_DFI_0826.jpg,1,0.0826
img702_S3_BF015_DFI_1432.jpg,3,0.1432
img189_S1_BF010_DFI_0846.jpg,1,0.0846
img1006_S6_BF040_DFI_0852.jpg,6,0.0852
img054_S1_BF003_DFI_1126.jpg,1,0.1126
img080_S1_BF003_DFI_0850.jpg,1,0.085
img758_S3_BF034_DFI_1467.jpg,3,0.1467
img781_S4_BF050_DFI_0975.jpg,4,0.0975
img087_S1_BF004_DFI_0862.jpg,1,0.0862
img210_S1_BF011_DFI_0928.jpg,1,0.0928
img239_S1_BF015_DFI_0874.jpg,1,0.0874
img561_S2_BF044_DFI_0808.jpg,2,0.0808
img006_S1_BF000_DFI_0966.jpg,1,0.0966
img706_S3_BF017_DFI_1228.jpg,3,0.1228
img465_S1_BF034_DFI_0806.jpg,1,0.0806
img291_S1_BF020_DFI_0991.jpg,1,0.0991
img1037_S6_BF049_DFI_0759.jpg,6,0.0759
img532_S2_BF040_DFI_0774.jpg,2,0.0774
img990_S6_BF033_DFI_0760.jpg,6,0.076
img447_S1_BF033_DFI_0888.jpg,1,0.0888
img500_S1_BF037_DFI_0979.jpg,1,0.0979
img522_S2_BF040_DFI_0713.jpg,2,0.0713
img450_S1_BF033_DFI_0836.jpg,1,0.0836
img1060_S6_BF058_DFI_1025.jpg,6,0.1025
img779_S4_BF047_DFI_1123.jpg,4,0.1123
img882_S5_BF141_DFI_1484.jpg,5,0.1484
img1056_S6_BF055_DFI_0909.jpg,6,0.0909
img844_S4_BF125_DFI_0959.jpg,4,0.0959
img528_S2_BF040_DFI_0850.jpg,2,0.085
img753_S3_BF033_DFI_1109.jpg,3,0.1109
img690_S3_BF010_DFI_1026.jpg,3,0.1026
img071_S1_BF003_DFI_0817.jpg,1,0.0817
img190_S1_BF010_DFI_0780.jpg,1,0.078
img383_S1_BF029_DFI_0847.jpg,1,0.0847
img036_S1_BF002_DFI_1086.jpg,1,0.1086
img423_S1_BF032_DFI_0874.jpg,1,0.0874
img610_S2_BF049_DFI_0718.jpg,2,0.0718
img501_S1_BF037_DFI_1171.jpg,1,0.1171
img739_S3_BF028_DFI_1113.jpg,3,0.1113
img482_S1_BF036_DFI_0829.jpg,1,0.0829
img774_S4_BF043_DFI_0767.jpg,4,0.0767
img381_S1_BF028_DFI_0853.jpg,1,0.0853
img777_S4_BF045_DFI_1014.jpg,4,0.1014
img615_S2_BF050_DFI_0771.jpg,2,0.0771
img994_S6_BF034_DFI_0846.jpg,6,0.0846
img161_S1_BF008_DFI_0857.jpg,1,0.0857
img566_S2_BF044_DFI_0783.jpg,2,0.0783
img299_S1_BF020_DFI_0788.jpg,1,0.0788
img613_S2_BF050_DFI_0689.jpg,2,0.0689
img699_S3_BF012_DFI_0957.jpg,3,0.0957
img1057_S6_BF056_DFI_1295.jpg,6,0.1295
img787_S4_BF054_DFI_0983.jpg,4,0.0983
img769_S4_BF037_DFI_0854.jpg,4,0.0854
img186_S1_BF010_DFI_0839.jpg,1,0.0839
img757_S3_BF034_DFI_1197.jpg,3,0.1197
img1052_S6_BF052_DFI_0834.jpg,6,0.0834
img001_S1_BF000_DFI_2373.jpg,1,0.2373
img931_S6_BF000_DFI_1396.jpg,6,0.1396
img765_S3_BF036_DFI_1603.jpg,3,0.1603
img761_S3_BF035_DFI_0944.jpg,3,0.0944
img106_S1_BF004_DFI_0732.jpg,1,0.0732
img223_S1_BF012_DFI_0865.jpg,1,0.0865
img957_S6_BF022_DFI_0925.jpg,6,0.0925
img303_S1_BF020_DFI_0877.jpg,1,0.0877
img187_S1_BF010_DFI_0850.jpg,1,0.085
img620_S2_BF052_DFI_0969.jpg,2,0.0969
img512_S2_BF038_DFI_0753.jpg,2,0.0753
img704_S3_BF017_DFI_1414.jpg,3,0.1414
img898_S5_BF146_DFI_1035.jpg,5,0.1035
img047_S1_BF002_DFI_1012.jpg,1,0.1012
img323_S1_BF022_DFI_1721.jpg,1,0.1721
img978_S6_BF031_DFI_0796.jpg,6,0.0796
img388_S1_BF030_DFI_0914.jpg,1,0.0914
img197_S1_BF010_DFI_1083.jpg,1,0.1083
img136_S1_BF006_DFI_0921.jpg,1,0.0921
img431_S1_BF032_DFI_0803.jpg,1,0.0803
img353_S1_BF025_DFI_0827.jpg,1,0.0827
img293_S1_BF020_DFI_0822.jpg,1,0.0822
img735_S3_BF027_DFI_0985.jpg,3,0.0985
img767_S3_BF036_DFI_1028.jpg,3,0.1028
img575_S2_BF045_DFI_0764.jpg,2,0.0764
img003_S1_BF000_DFI_1045.jpg,1,0.1045
img038_S1_BF002_DFI_0923.jpg,1,0.0923
img756_S3_BF034_DFI_1301.jpg,3,0.1301
img919_S5_BF151_DFI_2233.jpg,5,0.2233
img517_S2_BF039_DFI_0818.jpg,2,0.0818
img815_S4_BF088_DFI_0822.jpg,4,0.0822
img316_S1_BF022_DFI_0948.jpg,1,0.0948
img948_S6_BF016_DFI_1135.jpg,6,0.1135
img092_S1_BF004_DFI_0897.jpg,1,0.0897
img1004_S6_BF039_DFI_0899.jpg,6,0.0899
img709_S3_BF019_DFI_1315.jpg,3,0.1315
img424_S1_BF032_DFI_0886.jpg,1,0.0886
img563_S2_BF044_DFI_0830.jpg,2,0.083
img318_S1_BF022_DFI_0938.jpg,1,0.0938
img1050_S6_BF052_DFI_1044.jpg,6,0.1044
img451_S1_BF033_DFI_0860.jpg,1,0.086
img510_S2_BF038_DFI_0794.jpg,2,0.0794
img332_S1_BF023_DFI_0958.jpg,1,0.0958
img762_S3_BF035_DFI_1000.jpg,3,0.1
img993_S6_BF034_DFI_0863.jpg,6,0.0863
img821_S4_BF104_DFI_0735.jpg,4,0.0735
img719_S3_BF022_DFI_1100.jpg,3,0.11
img406_S1_BF031_DFI_0801.jpg,1,0.0801
img026_S1_BF001_DFI_1014.jpg,1,0.1014
img880_S5_BF141_DFI_1244.jpg,5,0.1244
img278_S1_BF018_DFI_0825.jpg,1,0.0825
img141_S1_BF007_DFI_0902.jpg,1,0.0902
img234_S1_BF014_DFI_0834.jpg,1,0.0834
img933_S6_BF001_DFI_1154.jpg,6,0.1154
img819_S4_BF096_DFI_1450.jpg,4,0.145
img795_S4_BF066_DFI_0849.jpg,4,0.0849
img112_S1_BF005_DFI_1567.jpg,1,0.1567
img1021_S6_BF046_DFI_1015.jpg,6,0.1015
img028_S1_BF001_DFI_0781.jpg,1,0.0781
img824_S4_BF105_DFI_0868.jpg,4,0.0868
img557_S2_BF043_DFI_0868.jpg,2,0.0868
img631_S2_BF053_DFI_1116.jpg,2,0.1116
img153_S1_BF007_DFI_0779.jpg,1,0.0779
img530_S2_BF040_DFI_0822.jpg,2,0.0822
img199_S1_BF010_DFI_0893.jpg,1,0.0893
img650_S2_BF056_DFI_0791.jpg,2,0.0791
img362_S1_BF026_DFI_0856.jpg,1,0.0856
img861_S5_BF137_DFI_1214.jpg,5,0.1214
img216_S1_BF011_DFI_1017.jpg,1,0.1017
img385_S1_BF029_DFI_0826.jpg,1,0.0826
img329_S1_BF023_DFI_1490.jpg,1,0.149
img718_S3_BF022_DFI_1353.jpg,3,0.1353
img232_S1_BF014_DFI_0880.jpg,1,0.088
img393_S1_BF030_DFI_0884.jpg,1,0.0884
img182_S1_BF009_DFI_1248.jpg,1,0.1248
img591_S2_BF047_DFI_0898.jpg,2,0.0898
img509_S2_BF038_DFI_0825.jpg,2,0.0825
img970_S6_BF027_DFI_0941.jpg,6,0.0941
img174_S1_BF009_DFI_0959.jpg,1,0.0959
img014_S1_BF000_DFI_1029.jpg,1,0.1029
img282_S1_BF018_DFI_0918.jpg,1,0.0918
img228_S1_BF014_DFI_1055.jpg,1,0.1055
img218_S1_BF012_DFI_1043.jpg,1,0.1043
img437_S1_BF033_DFI_0899.jpg,1,0.0899
img597_S2_BF047_DFI_0790.jpg,2,0.079
img146_S1_BF007_DFI_0897.jpg,1,0.0897
img420_S1_BF031_DFI_0974.jpg,1,0.0974
img925_S5_BF155_DFI_1382.jpg,5,0.1382
img811_S4_BF081_DFI_1908.jpg,4,0.1908
img660_S3_BF001_DFI_1074.jpg,3,0.1074
img025_S1_BF001_DFI_0994.jpg,1,0.0994
img533_S2_BF040_DFI_0684.jpg,2,0.0684
img340_S1_BF024_DFI_0964.jpg,1,0.0964
img899_S5_BF146_DFI_1073.jpg,5,0.1073
img614_S2_BF050_DFI_0680.jpg,2,0.068
img346_S1_BF025_DFI_2068.jpg,1,0.2068
img104_S1_BF004_DFI_1612.jpg,1,0.1612
img992_S6_BF034_DFI_0991.jpg,6,0.0991
img121_S1_BF006_DFI_1272.jpg,1,0.1272
img896_S5_BF145_DFI_1314.jpg,5,0.1314
img891_S5_BF144_DFI_1269.jpg,5,0.1269
img612_S2_BF050_DFI_0744.jpg,2,0.0744
img535_S2_BF040_DFI_0807.jpg,2,0.0807
img783_S4_BF051_DFI_1015.jpg,4,0.1015
img729_S3_BF025_DFI_1263.jpg,3,0.1263
img367_S1_BF026_DFI_0898.jpg,1,0.0898
img663_S3_BF002_DFI_1416.jpg,3,0.1416
img871_S5_BF139_DFI_2077.jpg,5,0.2077
img652_S2_BF056_DFI_0792.jpg,2,0.0792
img384_S1_BF029_DFI_1012.jpg,1,0.1012
img964_S6_BF023_DFI_2779.jpg,6,0.2779
img995_S6_BF036_DFI_1053.jpg,6,0.1053
img560_S2_BF043_DFI_0899.jpg,2,0.0899
img413_S1_BF031_DFI_0936.jpg,1,0.0936
img845_S4_BF128_DFI_0950.jpg,4,0.095
img244_S1_BF015_DFI_0941.jpg,1,0.0941
img412_S1_BF031_DFI_1089.jpg,1,0.1089
img309_S1_BF021_DFI_0866.jpg,1,0.0866
img261_S1_BF017_DFI_0892.jpg,1,0.0892
img131_S1_BF006_DFI_1758.jpg,1,0.1758
img743_S3_BF030_DFI_1175.jpg,3,0.1175
img005_S1_BF000_DFI_0853.jpg,1,0.0853
img784_S4_BF051_DFI_0847.jpg,4,0.0847
img585_S2_BF046_DFI_0696.jpg,2,0.0696
img302_S1_BF020_DFI_0993.jpg,1,0.0993
img204_S1_BF010_DFI_0828.jpg,1,0.0828
img689_S3_BF010_DFI_1164.jpg,3,0.1164
img904_S5_BF147_DFI_1570.jpg,5,0.157
img240_S1_BF015_DFI_0869.jpg,1,0.0869
img935_S6_BF003_DFI_1139.jpg,6,0.1139
img405_S1_BF031_DFI_0936.jpg,1,0.0936
img237_S1_BF014_DFI_0917.jpg,1,0.0917
img864_S5_BF138_DFI_0998.jpg,5,0.0998
img648_S2_BF055_DFI_1237.jpg,2,0.1237
img200_S1_BF010_DFI_0848.jpg,1,0.0848
img1030_S6_BF047_DFI_1031.jpg,6,0.1031
img041_S1_BF002_DFI_0972.jpg,1,0.0972
img686_S3_BF009_DFI_1487.jpg,3,0.1487
img488_S1_BF036_DFI_1317.jpg,1,0.1317
img253_S1_BF016_DFI_0842.jpg,1,0.0842
img1051_S6_BF052_DFI_0889.jpg,6,0.0889
img559_S2_BF043_DFI_1042.jpg,2,0.1042
img630_S2_BF053_DFI_0845.jpg,2,0.0845
img939_S6_BF007_DFI_0886.jpg,6,0.0886
img752_S3_BF033_DFI_2444.jpg,3,0.2444
img785_S4_BF052_DFI_1051.jpg,4,0.1051
img884_S5_BF143_DFI_1238.jpg,5,0.1238
img625_S2_BF052_DFI_0838.jpg,2,0.0838
img073_S1_BF003_DFI_1074.jpg,1,0.1074
img095_S1_BF004_DFI_0727.jpg,1,0.0727
img618_S2_BF051_DFI_0977.jpg,2,0.0977
img426_S1_BF032_DFI_0844.jpg,1,0.0844
img165_S1_BF008_DFI_0953.jpg,1,0.0953
img656_S2_BF056_DFI_0861.jpg,2,0.0861
img979_S6_BF031_DFI_0699.jpg,6,0.0699
img540_S2_BF041_DFI_0799.jpg,2,0.0799
img889_S5_BF144_DFI_0886.jpg,5,0.0886
img250_S1_BF016_DFI_0964.jpg,1,0.0964
img969_S6_BF027_DFI_1072.jpg,6,0.1072
img074_S1_BF003_DFI_0774.jpg,1,0.0774
img504_S1_BF037_DFI_0868.jpg,1,0.0868
img986_S6_BF033_DFI_2358.jpg,6,0.2358
img086_S1_BF004_DFI_0896.jpg,1,0.0896
img184_S1_BF009_DFI_0873.jpg,1,0.0873
img207_S1_BF011_DFI_0857.jpg,1,0.0857
img1062_S6_BF058_DFI_1184.jpg,6,0.1184
img623_S2_BF052_DFI_0888.jpg,2,0.0888
img503_S1_BF037_DFI_0866.jpg,1,0.0866
img617_S2_BF051_DFI_0775.jpg,2,0.0775
img912_S5_BF149_DFI_1643.jpg,5,0.1643
img072_S1_BF003_DFI_0840.jpg,1,0.084
img1063_S6_BF059_DFI_0747.jpg,6,0.0747
img725_S3_BF024_DFI_0898.jpg,3,0.0898
img478_S1_BF035_DFI_0841.jpg,1,0.0841
img644_S2_BF055_DFI_1040.jpg,2,0.104
img523_S2_BF040_DFI_0757.jpg,2,0.0757
img679_S3_BF007_DFI_1257.jpg,3,0.1257
img741_S3_BF028_DFI_1923.jpg,3,0.1923
img050_S1_BF003_DFI_1087.jpg,1,0.1087
img521_S2_BF039_DFI_0841.jpg,2,0.0841
img701_S3_BF013_DFI_0915.jpg,3,0.0915
img968_S6_BF026_DFI_1592.jpg,6,0.1592
img290_S1_BF019_DFI_0835.jpg,1,0.0835
img803_S4_BF074_DFI_3263.jpg,4,0.3263
img117_S1_BF005_DFI_1018.jpg,1,0.1018
img967_S6_BF026_DFI_1414.jpg,6,0.1414
img716_S3_BF022_DFI_0836.jpg,3,0.0836
img982_S6_BF032_DFI_1031.jpg,6,0.1031
img839_S4_BF123_DFI_1278.jpg,4,0.1278
img295_S1_BF020_DFI_0895.jpg,1,0.0895
img1003_S6_BF039_DFI_0853.jpg,6,0.0853
img593_S2_BF047_DFI_1956.jpg,2,0.1956
img829_S4_BF114_DFI_1018.jpg,4,0.1018
img435_S1_BF032_DFI_0904.jpg,1,0.0904
img554_S2_BF043_DFI_0753.jpg,2,0.0753
img287_S1_BF019_DFI_0848.jpg,1,0.0848
img556_S2_BF043_DFI_0797.jpg,2,0.0797
img062_S1_BF003_DFI_0761.jpg,1,0.0761
img951_S6_BF017_DFI_0781.jpg,6,0.0781
img049_S1_BF003_DFI_0961.jpg,1,0.0961
img449_S1_BF033_DFI_0803.jpg,1,0.0803
img173_S1_BF009_DFI_1108.jpg,1,0.1108
img090_S1_BF004_DFI_0868.jpg,1,0.0868
img397_S1_BF030_DFI_0831.jpg,1,0.0831
img285_S1_BF019_DFI_0867.jpg,1,0.0867
img545_S2_BF042_DFI_0809.jpg,2,0.0809
img645_S2_BF055_DFI_0875.jpg,2,0.0875
img110_S1_BF005_DFI_1604.jpg,1,0.1604
img438_S1_BF033_DFI_0921.jpg,1,0.0921
img360_S1_BF026_DFI_0923.jpg,1,0.0923
